Datetime,Open,High,Low,Close,Volume
2021-04-05 00:00:00+00:00,58202.01,58387.35,57890.97,57908.13,2110.945386
2021-04-05 01:00:00+00:00,57908.14,57913.01,57638.33,57787.88,1850.541826
2021-04-05 02:00:00+00:00,57787.88,57816.32,57427.98,57595.45,1664.352968
2021-04-05 03:00:00+00:00,57595.44,57723.64,57320.0,57467.12,1655.241274
2021-04-05 04:00:00+00:00,57467.12,57618.0,57272.05,57284.99,1933.835659
2021-04-05 05:00:00+00:00,57285.19,57368.53,56855.55,56897.45,2536.408297
2021-04-05 06:00:00+00:00,56897.45,57316.74,56790.57,57143.59,2513.578405
2021-04-05 07:00:00+00:00,57143.59,57371.42,56947.64,57250.0,1971.331091
2021-04-05 08:00:00+00:00,57250.0,57346.8,56777.77,57149.25,1865.587059
2021-04-05 09:00:00+00:00,57149.25,57550.0,56980.0,57539.15,1987.786041
2021-04-05 10:00:00+00:00,57539.14,57718.53,57324.77,57668.98,1667.359248
2021-04-05 11:00:00+00:00,57668.98,57766.84,57507.69,57756.36,1986.430246
2021-04-05 12:00:00+00:00,57756.36,58124.67,57754.67,57959.23,2666.575204
2021-04-05 13:00:00+00:00,57959.22,58116.63,57746.74,58113.06,2510.4784
2021-04-05 14:00:00+00:00,58113.07,59175.01,58113.06,59170.68,4931.302768
2021-04-05 15:00:00+00:00,59173.64,59272.0,58850.0,59018.29,3402.24601
2021-04-05 16:00:00+00:00,59020.0,59240.0,58853.14,58983.51,3483.467503
2021-04-05 17:00:00+00:00,58983.51,59078.69,58610.0,58954.6,2683.09487
2021-04-05 18:00:00+00:00,58954.6,59032.99,58732.08,58876.29,1600.890593
2021-04-05 19:00:00+00:00,58876.3,59089.4,58800.0,59005.2,1834.250144
2021-04-05 20:00:00+00:00,59005.21,59100.0,58737.7,58770.61,2148.099702
2021-04-05 21:00:00+00:00,58773.16,58880.0,58479.59,58664.04,1663.675369
2021-04-05 22:00:00+00:00,58664.04,58967.0,58664.04,58877.18,1717.467965
2021-04-05 23:00:00+00:00,58877.18,59130.0,58533.1,59129.99,1873.069762
2021-04-06 00:00:00+00:00,59129.99,59479.0,59043.47,59356.23,3279.189201
2021-04-06 01:00:00+00:00,59356.23,59495.24,58728.1,58800.01,2467.891456
2021-04-06 02:00:00+00:00,58800.02,58868.96,58635.72,58745.27,1448.834443
2021-04-06 03:00:00+00:00,58745.28,58947.35,58600.0,58608.7,1203.320036
2021-04-06 04:00:00+00:00,58610.19,58894.05,58601.87,58794.93,1716.387852
2021-04-06 05:00:00+00:00,58794.94,59031.66,58755.56,58867.32,1359.193267
2021-04-06 06:00:00+00:00,58867.31,58969.01,58618.0,58843.53,1690.611394
2021-04-06 07:00:00+00:00,58843.52,58928.23,58349.0,58576.59,2311.422694
2021-04-06 08:00:00+00:00,58576.59,59000.0,58300.0,58487.37,3332.731056
2021-04-06 09:00:00+00:00,58487.38,58747.74,58419.75,58685.53,1787.072226
2021-04-06 10:00:00+00:00,58681.85,58752.93,58333.02,58365.0,2565.717795
2021-04-06 11:00:00+00:00,58365.0,58720.0,58325.08,58541.34,2278.841791
2021-04-06 12:00:00+00:00,58541.34,58998.0,58442.89,58471.92,3288.81116
2021-04-06 13:00:00+00:00,58471.93,58677.91,58342.0,58414.29,2445.677696
2021-04-06 14:00:00+00:00,58414.29,58414.3,57413.02,57949.27,6536.601449
2021-04-06 15:00:00+00:00,57949.27,58085.4,57622.0,57818.53,2531.959922
2021-04-06 16:00:00+00:00,57818.54,58188.88,57722.23,58077.51,2469.880874
2021-04-06 17:00:00+00:00,58077.51,58271.66,58000.0,58247.17,1774.688867
2021-04-06 18:00:00+00:00,58247.17,58267.45,57996.01,58238.78,1505.797414
2021-04-06 19:00:00+00:00,58238.78,58282.12,57996.0,58225.0,1655.440463
2021-04-06 20:00:00+00:00,58225.01,58311.91,57999.99,58211.84,1503.21866
2021-04-06 21:00:00+00:00,58211.85,58225.95,57555.0,57860.63,1961.883403
2021-04-06 22:00:00+00:00,57860.63,58040.34,57483.71,57887.24,1660.671452
2021-04-06 23:00:00+00:00,57887.24,58163.0,57832.34,57991.15,1425.156156
2021-04-07 00:00:00+00:00,57990.03,58200.01,57500.53,57639.29,2427.973637
2021-04-07 01:00:00+00:00,57639.29,57685.99,57161.86,57510.84,2542.119404
2021-04-07 02:00:00+00:00,57510.84,57926.82,57475.86,57784.7,1604.510184
2021-04-07 03:00:00+00:00,57784.7,58124.75,57677.68,57922.75,1594.895156
2021-04-07 04:00:00+00:00,57922.74,57975.73,57268.0,57645.61,2883.869038
2021-04-07 05:00:00+00:00,57645.61,58317.06,57540.91,58285.99,2754.942848
2021-04-07 06:00:00+00:00,58286.0,58655.0,57877.74,58059.53,3465.444177
2021-04-07 07:00:00+00:00,58059.53,58093.01,57420.0,57850.57,3165.061413
2021-04-07 08:00:00+00:00,57850.57,57938.77,57438.79,57749.03,2452.481874
2021-04-07 09:00:00+00:00,57749.02,57820.01,57000.0,57466.61,4550.286088
2021-04-07 10:00:00+00:00,57466.61,57610.6,56600.0,56787.52,3548.856089
2021-04-07 11:00:00+00:00,56787.51,57195.0,55700.0,56320.47,8173.364881
2021-04-07 12:00:00+00:00,56320.47,56659.12,55612.0,56463.22,5088.776518
2021-04-07 13:00:00+00:00,56463.23,56816.72,56335.45,56756.66,3705.192404
2021-04-07 14:00:00+00:00,56753.13,56937.15,56571.44,56660.0,2747.71963
2021-04-07 15:00:00+00:00,56660.0,56870.0,56275.0,56451.45,2486.231524
2021-04-07 16:00:00+00:00,56451.46,56850.0,56170.51,56587.44,3262.581394
2021-04-07 17:00:00+00:00,56587.44,56659.26,55972.33,56050.54,2938.065503
2021-04-07 18:00:00+00:00,56054.22,56456.0,55827.7,55859.13,2354.86463
2021-04-07 19:00:00+00:00,55859.13,56153.83,55473.0,56153.83,3776.246649
2021-04-07 20:00:00+00:00,56153.84,56250.0,55717.15,56249.99,1716.413018
2021-04-07 21:00:00+00:00,56250.0,56374.25,56071.99,56205.73,1261.306956
2021-04-07 22:00:00+00:00,56205.73,56560.29,56108.6,56452.88,1353.731444
2021-04-07 23:00:00+00:00,56452.89,56570.24,55865.11,55953.45,1373.4712
2021-04-08 00:00:00+00:00,55953.44,56520.0,55700.0,56429.2,2093.488934
2021-04-08 01:00:00+00:00,56429.58,56700.0,56242.92,56504.14,1494.435156
2021-04-08 02:00:00+00:00,56504.13,56541.78,56200.3,56497.45,1474.04599
2021-04-08 03:00:00+00:00,56497.44,56654.14,56263.8,56540.62,1443.09607
2021-04-08 04:00:00+00:00,56540.62,57096.46,56529.78,56920.01,2321.525022
2021-04-08 05:00:00+00:00,56920.0,57073.27,56800.0,56871.9,1595.619885
2021-04-08 06:00:00+00:00,56871.89,57280.0,56841.85,57125.99,1942.72265
2021-04-08 07:00:00+00:00,57125.98,57333.85,56995.0,57025.71,1839.241776
2021-04-08 08:00:00+00:00,57023.63,57267.49,56769.22,56893.04,1680.803421
2021-04-08 09:00:00+00:00,56893.05,57043.99,56600.0,56676.26,1661.339923
2021-04-08 10:00:00+00:00,56676.25,56844.87,56416.63,56738.09,2164.769464
2021-04-08 11:00:00+00:00,56738.09,56767.0,56330.77,56421.18,2060.668222
2021-04-08 12:00:00+00:00,56421.17,57556.0,56311.77,57472.09,3327.120686
2021-04-08 13:00:00+00:00,57472.08,57710.66,57256.81,57437.92,2879.673829
2021-04-08 14:00:00+00:00,57437.93,57912.02,57350.93,57688.36,2848.446625
2021-04-08 15:00:00+00:00,57688.37,57900.0,57549.62,57768.13,1894.423586
2021-04-08 16:00:00+00:00,57769.0,58000.0,57622.09,57722.47,2223.53353
2021-04-08 17:00:00+00:00,57722.59,57813.28,57538.52,57749.09,1280.489124
2021-04-08 18:00:00+00:00,57749.09,58153.31,57682.01,57899.98,1904.283311
2021-04-08 19:00:00+00:00,57899.98,58000.0,57617.04,57734.94,1320.715876
2021-04-08 20:00:00+00:00,57732.53,57824.49,57575.34,57674.17,1374.895109
2021-04-08 21:00:00+00:00,57674.18,57750.0,57449.04,57669.7,1033.366107
2021-04-08 22:00:00+00:00,57669.69,58100.0,57569.8,57916.29,1330.053092
2021-04-08 23:00:00+00:00,57916.3,58099.27,57729.63,58077.52,1094.389631
2021-04-09 00:00:00+00:00,58077.52,58389.0,58032.01,58301.72,1654.31328
2021-04-09 01:00:00+00:00,58301.72,58419.45,57933.56,57978.35,1326.512151
2021-04-09 02:00:00+00:00,57978.34,58177.02,57850.0,57903.35,1275.114861
2021-04-09 03:00:00+00:00,57903.35,58167.76,57806.03,57985.71,979.303042
2021-04-09 04:00:00+00:00,57985.71,58200.0,57971.06,58192.77,1219.538947
2021-04-09 05:00:00+00:00,58192.76,58314.0,57947.66,57947.67,1277.356886
2021-04-09 06:00:00+00:00,57947.67,58100.94,57809.38,57830.0,1445.825147
2021-04-09 07:00:00+00:00,57830.81,58062.88,57654.0,58051.42,1704.039556
2021-04-09 08:00:00+00:00,58048.7,58061.48,57669.58,57740.13,1675.368723
2021-04-09 09:00:00+00:00,57740.12,57935.94,57740.12,57911.45,1569.259373
2021-04-09 10:00:00+00:00,57911.44,58650.0,57857.95,58633.03,3251.130576
2021-04-09 11:00:00+00:00,58633.02,58894.9,58450.8,58527.19,2951.531801
2021-04-09 12:00:00+00:00,58527.2,58700.0,58350.0,58504.18,2290.103815
2021-04-09 13:00:00+00:00,58504.18,58783.47,58304.54,58390.15,2509.534482
2021-04-09 14:00:00+00:00,58390.16,58530.0,58024.0,58358.48,2593.210819
2021-04-09 15:00:00+00:00,58358.49,58369.63,58051.0,58240.0,1701.007847
2021-04-09 16:00:00+00:00,58239.99,58291.04,57870.57,58207.56,2274.286624
2021-04-09 17:00:00+00:00,58207.56,58447.89,58080.57,58405.08,1407.368662
2021-04-09 18:00:00+00:00,58405.02,58528.0,58240.35,58381.84,1390.507909
2021-04-09 19:00:00+00:00,58381.85,58499.0,58208.33,58370.59,1288.287785
2021-04-09 20:00:00+00:00,58370.59,58600.0,58263.47,58331.66,1388.154447
2021-04-09 21:00:00+00:00,58331.65,58514.07,58310.97,58361.24,888.460055
2021-04-09 22:00:00+00:00,58361.24,58361.24,58025.0,58086.38,1284.14011
2021-04-09 23:00:00+00:00,58086.37,58181.39,57873.31,58142.54,1487.528013
2021-04-10 00:00:00+00:00,58142.55,58327.9,57900.01,58109.08,1547.050745
2021-04-10 01:00:00+00:00,58109.08,58435.72,58072.92,58413.52,1476.432913
2021-04-10 02:00:00+00:00,58414.98,58733.0,58334.82,58721.55,1680.436608
2021-04-10 03:00:00+00:00,58721.22,59238.27,58707.1,59229.5,4519.509551
2021-04-10 04:00:00+00:00,59229.5,61232.83,59229.5,61074.09,11794.107861
2021-04-10 05:00:00+00:00,61074.09,61500.0,60663.1,60851.92,5998.781763
2021-04-10 06:00:00+00:00,60851.91,61050.0,60521.01,60576.8,2869.435605
2021-04-10 07:00:00+00:00,60576.8,60816.9,60333.0,60480.4,3925.458861
2021-04-10 08:00:00+00:00,60480.4,60821.58,60338.54,60534.89,2426.387609
2021-04-10 09:00:00+00:00,60534.89,60803.0,60452.65,60772.73,1891.513568
2021-04-10 10:00:00+00:00,60772.73,60997.18,60515.88,60659.02,1957.635669
2021-04-10 11:00:00+00:00,60659.02,60723.38,60500.0,60575.94,1553.650081
2021-04-10 12:00:00+00:00,60575.94,60800.0,59811.74,60088.62,3523.271144
2021-04-10 13:00:00+00:00,60088.61,60490.0,59981.06,60465.89,2381.214252
2021-04-10 14:00:00+00:00,60465.88,60499.0,60255.0,60398.19,2006.878229
2021-04-10 15:00:00+00:00,60398.19,60465.94,60106.85,60247.26,2082.226622
2021-04-10 16:00:00+00:00,60247.26,60550.0,60116.14,60265.0,2397.70075
2021-04-10 17:00:00+00:00,60265.0,60265.0,59920.86,60100.48,2358.924027
2021-04-10 18:00:00+00:00,60100.48,60115.82,59572.64,60020.0,2460.215042
2021-04-10 19:00:00+00:00,60020.0,60020.01,59550.0,59567.38,1490.84532
2021-04-10 20:00:00+00:00,59567.38,59800.0,58374.61,58615.28,3793.833218
2021-04-10 21:00:00+00:00,58619.72,59256.36,58485.84,59161.03,2360.073159
2021-04-10 22:00:00+00:00,59161.04,59399.84,59013.79,59029.17,1603.625597
2021-04-10 23:00:00+00:00,59029.17,59842.63,59008.39,59769.13,1807.215923
2021-04-11 00:00:00+00:00,59769.13,60429.56,59544.94,60148.5,3267.635378
2021-04-11 01:00:00+00:00,60148.5,60600.0,60036.58,60594.67,1914.398174
2021-04-11 02:00:00+00:00,60594.67,60594.68,60262.53,60509.7,1210.228989
2021-04-11 03:00:00+00:00,60509.7,60699.0,60202.69,60268.58,1441.270928
2021-04-11 04:00:00+00:00,60268.58,60328.0,59777.77,59906.6,1697.500794
2021-04-11 05:00:00+00:00,59906.59,60012.05,59535.52,59679.97,2572.829914
2021-04-11 06:00:00+00:00,59679.96,59909.68,59339.83,59735.0,2046.862344
2021-04-11 07:00:00+00:00,59735.01,59790.15,59400.0,59655.49,1192.611866
2021-04-11 08:00:00+00:00,59655.5,60144.7,59655.49,59961.81,1433.554804
2021-04-11 09:00:00+00:00,59961.81,60045.0,59455.09,59676.2,1743.375163
2021-04-11 10:00:00+00:00,59676.2,59950.81,59500.0,59599.99,1608.373258
2021-04-11 11:00:00+00:00,59600.0,59860.87,59450.0,59721.84,1669.713692
2021-04-11 12:00:00+00:00,59721.85,59844.0,59449.93,59724.45,1722.788442
2021-04-11 13:00:00+00:00,59724.44,59746.0,59232.52,59340.55,1816.723554
2021-04-11 14:00:00+00:00,59340.54,59664.98,59250.0,59570.77,1626.838611
2021-04-11 15:00:00+00:00,59573.36,59780.06,59558.0,59645.46,1515.938864
2021-04-11 16:00:00+00:00,59645.45,59785.37,59480.0,59569.4,1802.114348
2021-04-11 17:00:00+00:00,59569.41,59975.95,59405.18,59864.39,2132.313387
2021-04-11 18:00:00+00:00,59864.39,59948.89,59758.63,59865.0,1183.987714
2021-04-11 19:00:00+00:00,59865.01,60190.0,59557.13,59705.53,1932.371834
2021-04-11 20:00:00+00:00,59705.53,59820.0,59479.0,59707.8,1158.885152
2021-04-11 21:00:00+00:00,59707.79,59707.81,59488.57,59610.72,967.262478
2021-04-11 22:00:00+00:00,59610.72,60130.57,59433.29,60101.68,2000.612746
2021-04-11 23:00:00+00:00,60101.68,60107.96,59760.0,60002.43,1498.522957
